pair_id,query,후보1,후보2,선택,메모
L001,The border between chance and fate,"Author: Chris Gudgeon / Blurb: Money. Gobs of it. In the blink of an eye - or the drop of a ball? it's all yours. Everyone dreams about striking it rich by winning a lottery. We all feverishly line up to purchase our tickets, and watch TV or scan the newspapers to see if we have won, even though the odds are better that we will be struck by lightning. Still, we perservere, because no matter what else happens this week, you can be sure that someone, somewhere, will win the big one. Lotteries are an unparalleled popular phenomenon. But what happens after the winners are revealed, and the checks have been issued? How does winn",Artist: Side A / Album: Got 2 Believe in Magic (Original Motion Picture Soundtrack) / Genre: Pop / Lyrics excerpt: Take me to your heart / Show me where to start / Let me play the part of your first love / All the stars are right / Every wish is ours tonight my love /  / Maybe those who wait / Trust in love to fate / Finding out to late where they lost it / Never letting go / They will never know the ways of love /  / You got to believe in magic / Tell me how do people find each other / In a world thats full of strangers / You got to belie,,
L002,A film about a romance between two people,"Author: Cokie Roberts / Blurb: Journalists Cokie and Steve Roberts take a look at the institution of marriage American style, including their own match of thirty-three years, in this compelling and wise new book that is destined to be another bestseller,With a narrative structure similar to, Cokie and Steve Roberts use personal recollections as a springboard for the discussion of larger issues such as marriage, love, and family. When Cokie and Steve Roberts got married, some ""friends"" said it wouldn't last-just because she's Catholic and he's Jewish. Proving the doubters wrong, they have been married for over thirty years a","Genre: Comedy|Romance / Director: Albert Brooks / Cast: Albert Brooks, Kathryn Harrold, Bruno Kirby, James L. Brooks / Overview: A film editor breaks up with his girlfriend, unsure if he is in love. | Robert was madly in love with Mary. Mary was madly in love with him. Under the circumstances they did the only thing they could do... they broke up. | obsession, romcom, hollywood, neurotic, film editor, sardonic, wry",,
L003,Nonfiction about space exploration,Genre: Documentary / Director: Tony Palmer / Cast: Neil Armstrong / Overview: 1969's Apollo 11 mission to the moon is highlighted in this tribute to the history of the United States' space program. | nasa,"Genre: Documentary|Comedy|Drama / Director: Myles Kane, Josh Koury / Cast: Troy Bernier, Eric Swain / Overview: Eric Swain and Troy Bernier are scientists by day and amateur filmmakers by night. Over the years these two friends have turned out many of their own amateur, sci-fi inspired movies. this film follows the filming of Planet X, the duo’s most ambitious endeavor to date, and sheds light on their unique brand of “movie magic.” | movie business, scientist, amateur film",,
L004,Fluorescent glow of a late-night convenience store,"Genre: Short|Comedy|Drama / Director: Sean Ellis / Cast: Sean Biggerstaff, Emilia Fox, Stuart Goodwin, Michael Dixon / Overview: Ben is an art college student in London, whose imagination runs wild as he works the late-night shift at the local supermarket. What do he and his colleagues do to pass the long, endless hours of the night? | You give 8 hours... They give you money. | work, supermarket, time, sketch, art student, money, drawing, co-workers relationship, undressing, sketching, late night, time-manipulation, nude, short film, nudity, clothed man naked female","Artist: Manic Street Preachers / Album: Forever Delayed / Genre: Pop / Description: ""this track"" is a song by Welsh alternative rock band Manic Street Preachers from their debut album, Generation Terrorists. It was released as a single on 1 June 1992 by record label Columbia and reached number 17 in the UK Singles Chart on 13 June 1992. The track is inspired by S.E. Hinton's book Rumble Fish, about biker gang culture. According to the band, the lyrics are an attack on the hollowness of a lifestyle centered around the consumerism which is offered by capitalism, describ",,
L005,A damp basement bookshop during the rainy season,"Author: Shaun Bythell / Category: Nonfiction, Books About Books, Memoir, Biography, Scotland / Blurb: Shaun Bythell owns The Bookshop, Wigtown - Scotland's largest second-hand bookshop. It contains 100,000 books, spread over a mile of shelving, with twisting corridors and roaring fires, and all set in a beautiful, rural town by the edge of the sea. A book-lover's paradise? Well, almost ... In these wry and hilarious diaries, Shaun provides an inside look at the trials and tribulations of life in the book trade, from struggles with eccentric customers to wrangles with his own staff, who include the ski-suit-wearing, bin-foraging Nicky. He takes us with him on buying trips to old estates and auc","Author: Herman Brusselmans / Category: Fiction, Literature, Belgium, Dutch Literature / Blurb: Een boekhandelaar maakt door voortdurend te mopperen op het leven en het beledigen van zijn klanten geen succes van zijn nering. Vervolg op ""De man die werk vond"".",,
L006,Winter breath fogging a windowpane,"Artist: Emancipator / Album: Soon It Will Be Cold Enough / Genre: Electronic / Lyrics excerpt: Everything that's alive grows from a tiny seed. / You know the little tomato seeds you and Nancy planted in your garden, / And how they grew into nice, red tomatoes? / Yeah / ""Laughter"" / Look Dad /  / Well like this. /  / Daddy? /  / Remember how I told you the hen lays an egg? /  / When the baby grows up to be an old man, and dies, / They bury his body in the ground. / But his soul goes to heaven. /  / Now look here /  / Aww i'm bun","Genre: Animation|Short|Drama / Director: Roger Allers / Overview: An animated short based on Hans Christian Andersen's tale about a poor young girl with a burning desire to find comfort and happiness in her life. Desperate to keep warm, the girl lights the matches she sells, and envisions a very different life for herself in the fiery flames filled with images of loving relatives, bountiful food, and a place to call home. | winter, fairy tale, based on short story, short film",,
L007,A coming-of-age film set in the 1980s,"Genre: Comedy|Drama|Romance / Director: Boaz Davidson / Cast: Lawrence Monoson, Diane Franklin, Steve Antin, Joe Rubbo / Overview: The friendship of a group of young friends struggling with teen sex, drugs, and work is jeopardized by a romantic interest which may turn pals into bitter rivals. | The comedy that puts ZIP into being a teen... | virgin, friendship, prostitute, sadness, remake, drugs, teenage sexuality, sex comedy, virginity","Author: Chris Rush / Category: Biographies & Memoirs / Blurb: Lambda Literary Award Finalist | A New York Times Book Review Editors' Choice Named a best book of 2019 by Parade The Light Years is a joyous and defiant coming-of-age memoir set during one of the most turbulent times in American history ""This stunningly beautiful, original memoir is driven by a search for the divine, a quest that leads Rush into some dangerous places . . . The Light Years is funny, harrowing, and deeply tender."" —Kate Tuttle, The L.A. Times ""Rush is a fantastically vivid writer, whether he’s remembering a New Jersey of 'meatballs and Windex and hairspray' or the dappled, dang",,
L008,A film about a romance between two people,"Genre: Comedy|Romance / Director: Martine Dugowson / Cast: Helena Bonham Carter, Romane Bohringer, Marie Trintignant, Elsa Zylberstein / Overview: Ada and Lise are both costume designers, the first is around 20, the other around 30. Both are working hard on their break through. There are also jobs for the movies. This is where Lise meets producer Alphonse, who is nearly 20 years older than she. Because he is unhappy with his girlfriend a secret relationship evolves. Ada has problems as well, but she's not the only one. There are also the young Emma and Nina, as well as Yves and Guido - enough people to get into complicated relationship entanglements.","Artist: Michael Bublé / Album: Music From And Inspired By The Motion Picture Tyler Perry's Why Did I Get Married? / Genre: Pop / Lyrics excerpt: L is for the way you look at me / O is for the only one I see / V is very, very extraordinary / E is even more than anyone that you adore /  / Can this track is all that I can give to you / this track is more than just a game for two / Two in this track can make it / Take my heart but please don't break it / this track was made for me and you /  / L is for the way you look at me / O is for the only one I see / V is very, very extraordinary / E is e",,
L009,Soulful music featuring jazz piano,"Genre: Musical / Director: Norman Taurog / Cast: Kathryn Grayson, Mario Lanza, David Niven, J. Carrol Naish / Overview: Snooty opera singer meets a rough-and-tumble fisherman in the Louisiana bayous, but this fisherman can sing! Her agent lures him away to New Orleans to teach him to sing opera but comes to regret this rash decision when the singers fall in love. | M-G-M's Technicolor fiesta! | fisherman, musical, opera singer","Genre: Documentary / Director: Alan Hicks / Cast: Clark Terry, Justin Kauflin, Frank Kauflin, Terri Lyne Carrington / Overview: Eighty-nine year old trumpeting legend Clark Terry has mentored jazz wonders like Miles Davis and Quincy Jones, but Terry’s most unlikely friendship is with Justin Kauflin, a 23-year-old blind piano player with uncanny talent, but debilitating nerves. As Justin prepares for the most pivotal moment in his budding career, Terry’s ailing health threatens to end his own. | Their love of music inspired the friendship of a lifetime.",,
L010,Meaning inside a repeating daily life,"Genre: Documentary / Director: Jonas Mekas / Cast: Timothy Leary, Ed Emshwiller, Franz Fuenstler, Jack Smith / Overview: Also known as this film, Jonas Mekas’s first diary film is a six-reel chronicle of his life in 1960s New York, interweaving moments with family, friends, lovers, and artistic idols. Blending everyday encounters with portraits of the avant-garde art scene, it forms an epic, personal meditation on community, creativity, and the passage of time. | diary film","Artist: Aerosmith / Album: Nine Lives / Genre: Rock / Lyrics excerpt: Yeah, yeah yeah /  / If i could change the world / Like a fairy tale / I would drink the love / From your Goly Grail / I would start with love / Tell ol' Beelzeebub / To get outta town / 'Cause you just lost your job /  / How did we get so affected ('cause I think) / Love is love reflected /  / Time don't let it slip away / Raise your drinkin' glass / Here's to yesterday / In time we're all gonna trip away / Don't piss heaven off / We",,
L011,An open window on a summer night,"Author: Gail Godwin / Blurb: Every evening at five o'clock, Christina and Rudy stopped work and began the ritual commonly known as Happy Hour. Rudy mixed Christina's drink with loving precision, the cavalier slosh of Bombay Sapphire over ice shards, before settling across from her in his Stickley chair with his glass of Scotch. They shared a love of language and music (she is an author, he a composer, after all), a delight in intense conversation, a fascination with popes, and nearly thirty years of life together. muses Christina, seven months after Rudy's unexpected death. While coming to terms with her loss, with the sp","Genre: Drama / Director: Carlos Sorin / Cast: Antonio Larreta, María del Carmen Jiménez, Emilse Roldán, Roberto Rovira / Overview: It is a significant day for 80 year old Antonio. After an absence of many years, his estranged son is coming to visit. All must be perfect. There will be a toast with a very special champagne an embrace; warm words that may finally bridge the gap between them-- But before, Antonio must wait. Bedridden, he looks out his window at the Patagonian landscape and sees light and life, the past and the pr | subconsciousness, arts and culture, argentina, existence",,
L012,Rock music with a heavy guitar riff,"Genre: Comedy|Crime|Music / Director: Michael Lehmann / Cast: Brendan Fraser, Steve Buscemi, Adam Sandler, Joe Mantegna / Overview: The Lone Rangers have heavy-metal dreams and a single demo tape they can't get anyone to play. The solution: Hijack an FM rock radio station and hold the deejays hostage until they agree to broadcast the band's tape. | The amps are on but nobody's home. | radio station, heavy metal, rock band","Genre: Documentary / Director: Omar Majeed / Cast: Michael Muhammad Knight, Basim Usmani, Shahjehan Khan, Arjun Ray / Overview: Three years in the making, this feature documentary follows the progression of the Muslim Punk scene: from its imaginary inception in a novel written by a white-convert named Michael Muhammad Knight to a full-blown, real-life scene of Muslim punk bands and their fans.",,
L013,In the name of love,Artist: Raheem DeVaughn / Album: The Love Experience / Genre: R&B / Description: From the album Love Experience © 2005 1228/Jive/Zomba .,"Author: Valerie Z. Lewis / Category: M M Romance, Contemporary, Romance, Humor, Gay For You / Blurb: A comedy about a bisexual mechanic turned model who aims to get the man of his dreams and save the world as soon as he finishes smoking this joint. R for language and implied sex. No DRM.",,
L014,The smell rising from an old letter,"Artist: Bread / Album: The Best of Bread / Genre: Rock / Lyrics excerpt: I found her this track underneath a tree. / And started reading about me / The words she's written took me by surpise / You'd never read them in her eyes. / They said that she had found the love she waited for. / Wouldn't you know it, she wouldn't show it. /  / When she confronted with the writing there, / Simply pretended not to care. / I passed it off as just in keeping with / Her total disconcerting air / And though she ","Author: Kathryn Hughes / Category: Historical Fiction, Fiction, Romance, Mystery, Historical / Blurb: Kathryn Hughes’ new ebook this book offers readers a chance to absorb themselves in the lives of two women, born decades apart but whose lives share a number of parallels. The novel explores two historical strands, bringing together an abused housewife from the 1970s and a young girl from the early 1940s in a story of love, loss and unexpected consequences.this book follows the life of Tina in the 1970s who seeks respite from her abusive marriage by volunteering at a charity shop. One day, while sorting through the pockets of a second-hand suit, she comes across an old letter. It is still fi",,
L015,Choosing between being right and being kind,"Author: George Saunders / Category: Nonfiction, Essays, Philosophy, Self Help, Audiobook / Blurb: Three months after George Saunders gave a convocation address at Syracuse University, a transcript of that speech was posted on the web site of The New York Times, where its simple, uplifting message struck a deep chord. Within days, it had been shared more than one million times. Why? Because Saunders’s words tap into a desire in all of us to lead kinder, more fulfilling lives. Powerful, funny, and wise, Congratulations, by the way is an inspiring message from one of today’s most influential and original writers.","Author: David Hamilton / Category: Self-Help / Blurb: Scientific evidence has proven the power of kindness to change the brain, impact the heart and immune system, and even be an antidote to depression. We're actually genetically wired to be kind. In this book, inspirational ex-scientist David Hamilton shows that the effects of kindness are felt daily throughout our nervous systems. When we're kind, our bodies are healthiest. In his down-to-earth and accessible style, David shares how: • Kindness makes us happier • Kindness improves relationships • Kindness is good for the heart • Kindness slows ageing • Kindness is contagious There’s a chapter d",,
L016,Reflection on solitude and existence,"Artist: Fugazi / Album: Instrument Soundtrack / Genre: Rock / Description: ""this track"" is a notable departure from Fugazi's post-hardcore sound, featuring Ian playing a piano and singing in this short, depressing ballad. It was made for the 1999 documentary film about Fugazi, titled Instrument. The protagonist is explaining how he’s barricaded himself from society. He hides his existence because of the paranoia and depression that’s been caused by his exposure to society. this track, sheep are counting me Sometimes people count sheep to help them fall asleep, in t","Author: Georges Perec / Blurb: "" Tu as vingt-cinq ans et vingt-neuf dents, trois chemises et huit chaussettes, quelques livres que tu ne lis plus, quelques disques que tu n'écoutes plus. n'as pas envie de te souvenir d'autre chose, ni de ta famille, ni de tes études, ni de tes amours, ni de tes amis, ni de tes vacances, ni de tes projets. Tu as voyagé et tu n'as rien rapporté de tes voyages. Tu es assis et tu ne veux qu'attendre, attendre seulement jusqu'à ce qu'il n'y ait plus rien à attendre : que vienne la nuit, que sonnent les heures, que les jours s'en aillent, que les souvenirs s'estompent. "" C'est en ces termes que l",,
L017,A novel about a family secret,"Author: Samantha Hayes / Category: Mystery, Thriller & Suspense / Blurb: I thought he took my secret to the grave. But the truth can’t stay buried forever… Three months ago, my darling husband died. Now, I have no choice but to reveal the truth to our three daughters about their inheritance and our so-called ‘perfect’ lives. Exposing my darkest secret was Ray’s parting gift. One final way to punish me from beyond the grave. Everything I’ve ever done has been to protect my family. But as we gather at our holiday home in Scotland and I look around at their beautiful, innocent faces, I’m not sure they’ll believe that. Or that they’ll ever forgive me. This house is fil","Artist: Sawyer Brown / Album: Buick / Genre: Country / Lyrics excerpt: Down our long dusty driveway / I didn't want to go / But I set out with tears in my eyes wondering / Daddy took me by the hand / Looked out at the school bus and his little man and said / ""Don't worry boy it will be all right"" /  / CHORUS /  / Cause I took this walk you're walking now / Boy, I've been in your shoes / You can't hold back the hands of time / It's just something you've got to do / So dry your eyes I understan",,
L018,Choosing between being right and being kind,"Genre: Comedy|Romance / Director: Peter Templeman / Cast: Ryan Kwanten, Sarah Snook, Ryan Corr, Bojana Novaković / Overview: A young playboy who learns he has one month until he becomes infertile sets out to procreate as much as possible. | He never wanted to have kids until life kicked him where it counts","Author: Hunter Clarke-Fields MSAE / Category: Parenting & Relationships / Blurb: A kinder, more compassionate world starts with kind and compassionate kids. In Raising Good Humans, you’ll find powerful and practical strategies to break free from “reactive parenting” habits and raise kind, cooperative, and confident kids. Whether you’re running late for school, trying to get your child to eat their vegetables, or dealing with an epic meltdown in the checkout line at a grocery store—being a parent is hard work! And, as parents, many of us react in times of stress without thinking—often by yelling. But what if, instead of always reacting on autopilot, you could respond though",,
L019,Between freedom and responsibility,Artist: Sublime / Album: 40oz. To Freedom / Genre: Folk / Description: originally by the Descendents .,"Artist: Clutch / Album: Clutch / Genre: Rock / Lyrics excerpt: Then against my better judgment I went walking out that door. / I smiled at one person then I nodded to three more. / One man asked me for a dollar, I asked him, ""What's it for?"" / He said, ""I have seen them."" I said, ""O.K., it's yours."" / And as featured on the M-T-V, the local high school lets out, / And the town becomes anarchy. / Parties are crashed, skid marks are measured. / The story's in the paper, you ",,
L020,An open window on a summer night,"Artist: Jakob / Album: this track / Genre: Pop / Lyrics excerpt: I call to mind a love that fades / Your pink cashmere summer nights / (Summer nights, summer nights) / Your mama's house, a place to hide / I kissed you there, you open wide /  / You must know that I miss your stare (I do) / You mesmerised me daily, ah / You must know that I miss you here / Hypnotise me /  / You sang to me, an eye to eye / A melody so undefined / I met you in the this track / Who knew we'd never say goodni","Genre: Animation|Short|Comedy / Director: Pinja Partanen, Elli Vuorinen, Jasmiini Ottelin / Cast: Pentti Halonen / Overview: A man lives alone in a block of flats. He may not be able to put a finger on it, but he is lonely. All this changes, though, when the odd growth he has been ignoring on his side turns out to be something alive and becomes conscious. | stop motion, modeling, short film",,
L021,A worn motel room by the sea,"Author: Linda Barnes / Category: Mystery, Fiction, Mystery Thriller, Contemporary, Suspense / Blurb: Mousy and shy to the point of agoraphobic, Em Moore is the writing half of a celebrity biography team. Her charismatic partner, Teddy, does the interviewing and the public schmoozing. But Em's dependence on Teddy runs deeper than just the job—Teddy is her bridge to the world and the main source of love in her life. So when Teddy dies in a car accident, Em is devastated, alone in a world she doesn't understand. The only way she can honor his memory and cope with his loss is to finish the interviews for their current book—an ""autobiography"" of renowned and reclusive film director Garrett Malcolm","Artist: Whitey Morgan and the 78's / Album: Honky Tonks and Cheap Motels / Genre: Country / Lyrics excerpt: Another town, another show / And another empty bottle in this motel room / One more promise has been broken / And one more lonely one, Lord, I'm ready to go /  / When morning comes, I'm leaving again / Like a tumbleweed, I'm gone with the wind / There ain't no use to try and explain / Girl, I ain't ever gonna change /  / Baby, I was born a this track / I was born a ramblin' man / Mama tried but she didn't try hard enough / My ",,
L022,A highway rest stop at sunset,"Artist: Taking Back Sunday / Album: Tell All Your Friends / Genre: Rock / Lyrics excerpt: Get up, get up / Come on, come on, lets go / There's just a few things / I think that you should know / Those words at best / Were worse than teenage poetry / Fragment ideas and too many pronouns / Stop it, come on / You're not making sense now / You can't make them want you / They're all just laughing / Literate and stylish (literate and stylish) / Kissable and quiet (kissable and quiet) / Well that's what girls dreams ar","Genre: Documentary|Comedy / Director: Tom Caltabiano / Cast: Ray Romano, Tom Caltabiano, Roger Lay, Jr., Jearlyn Steele / Overview: Ray Romano's eight-day drive through the south on a stand-up comedy tour becomes more than he bargains for when longtime friend and opening act, Tom Caltabiano, brings a film student along to document their thousand-mile journey. Together, all three struggle with Ray's obsessions, phobias, and insecurities in this unscripted exploration of newfound fame | 1000 Miles.  8 Days.  7 Cities.  2 Friends.  1 Car.  Never Again.",,
L023,A worn motel room by the sea,"Genre: Horror|Thriller / Director: Nimród Antal / Cast: Kate Beckinsale, Luke Wilson, Frank Whaley, Ethan Embry / Overview: A young married couple becomes stranded at an isolated motel and find hidden video cameras in their room. They realize that unless they escape, they'll be the next victims of a snuff film. | Once you've checked in... The terror begins. | remoteness, motel, snuff, deception, hidden camera, psychological thriller, killer, trapped, survival horror, estranged couple, broken down car, one night, isolated, tense","Artist: Ryan Bingham / Album: Roadhouse Sun / Genre: Country / Lyrics excerpt: Take me to see the voodoo queen / Let her put a spell on me / A little bit of change will ease my pain / Gonna set a young man free / 'Cause I've been down through your hometown / And all across your distant land / One thing's for sure, honey, I'll be gone / this track / Oh, take me to France, watch me dance / Let me drink that wine / Spinnin' around a dark haired girl / Havin' us a good old time / 'Cau",,
L024,The weight of a life facing its end,"Genre: Documentary|Drama|Family / Director: Peter Richardson / Cast: Harry Bruton, Ray Carnay, Cody Curtis, Paul Darley / Overview: In 1994 Oregon became the first state to legalize physician-assisted suicide. At the time, only Belgium, Switzerland, and the Netherlands had legalized the practice. 'this film' tell the stories of those most intimately involved with the practice today -- terminally ill Oregonians, their families, doctors, and friends -- as well as the passage of an assisted suicide law in Washington State. | Would You Want The Right To Choose When It's Your Time?","Genre: Documentary / Director: Anne Wivel / Cast: this film Auken / Overview: For two years, director Anne Wivel and her camera followed her husband, the prominent Danish politician this film Auken. The initial aim was to portray a modern, idealistic politician with great visions for the future. But during shooting, Auken contracted cancer, and the film became a portrayal of the politician, husband and father who feels his life is fading away, even if his work here is not yet finished. | politician",,
L025,Meaning inside a repeating daily life,"Artist: Dave Matthews Band / Album: Everyday / Genre: Rock / Lyrics excerpt: I walk into this room, oh / All eyes on me now / But i do not know the people inside /  / Look straight through me these eyes / Seeking more wisdom than i have to give away / Realize, realize this track /  / What you've become just as I have / Are you and i so unalike? / I don't hear you just as I am / Afraid if we dance we might die / Mock the world, live say say, / Why don't you know? / If you live life, oh, then you bec","Author: Amy Krouse Rosenthal / Category: Nonfiction, Memoir, Humor, Biography, Biography Memoir / Blurb: If you're looking for quotes from newspapers and magazines, NPR, book reviews, endorsements from thousands of readers and bloggers, google this book and just see for yourself how people everywhere are responding to this book.In this book, Amy Krouse Rosenthal has ingeniously adapted the centuries-old format of the encyclopedia to convey the accumulated knowledge of her lifetime in a poignant, wise, often funny, fully realized memoir. Using mostly short entries organized from A to Z, many of which are cross-referenced, Rosenthal captures in wonderfu",,
L026,A season that passed without being spoken,"Genre: Comedy|Drama / Director: Mike Leigh / Cast: Jim Broadbent, Lesley Manville, Ruth Sheen, Peter Wight / Overview: During a year, a very content couple approaching retirement are visited by friends and family less happy with their lives. | jealousy, funeral, season, cooking, garden, winegrowing, loneliness, unrequited love","Artist: American Football / Album: American Football / Genre: Rock / Description: “this track” is a song that explores endings. The instrumentation, in the relatively odd 7/4 time signature, varies in intensity but remains wistful throughout. Lyrically, the song deals with coming to terms with the past and accepting that all things come to an end. The song embodies that: just like endings always are, it is both sad and beautiful. .",,
L027,A journey to find the meaning of life,"Genre: Documentary|Adventure / Director: Eric Saperston / Cast: Eric Saperston, Paige O'Brien, Dave Murcott, Kathleen Kelly / Overview: Eric Saperston directs this amazing journey about a group of young Americans who decide to ask the age old question in life, ""what do our elders have to pass down to us?"" | Sometimes you take a trip. Sometimes the trip takes you.","Artist: Led Zeppelin / Album: Physical Graffiti (Deluxe Edition) / Genre: Rock / Lyrics excerpt: Oh, let the sun beat down upon my face / With stars to fill my dream / I am a traveler of both time and space / To be where I have been /  / Sit with elders of the gentle race / This world has seldom seen / Talk of days for which they sit and wait / And all will be revealed /  / Talk and song from tongues of lilting grace / Sounds caress my ear / But not a word I heard could I relate / The story was quite clear /  / Ooh, baby,",,
L028,A country train station on a snowy night,Artist: Cinderella / Album: this track / Genre: Rock / Lyrics excerpt: Waiting at the station / Tears filling up my eyes / Sometimes the pain you hide / Burns like a fire inside /  / Look out my window / Sometimes it's hard to see / The things you want in life / Come and go so easily /  / She took the last train out of my heart / She took the last train / And now I think I'll make a brand new start / She took the last train out of my heart /  / Watching the days go by / Thinking 'bout the plans we ,"Genre: Documentary / Director: Ólafur Sveinsson / Overview: An Icelandic documentary about the people that work, and hang around this film, the iconic Reykjavik bus stop. The film follows homeless people, people with disabilities, and a bus driver. A unique view in to their lives, and the view they have on the world.  Soundtrack by Sigur Rós. | reykjavík, iceland",,
L029,In the name of love,"Genre: Comedy|Romance / Director: Clive Donner / Cast: Jack Lemmon, Peter Falk, Elaine May, Nina Wayne / Overview: Depressed by the direction his life is taking, Harry decides to take his own life by jumping off the Manhattan Bridge. At the last minute he's stopped by old friend Milt Manville, a successful stock broker. Milt, however, is facing his own problem: he has fallen out of love with his argumentative wife, Ellen. In a misguided effort to solve both of their problems, he introduces Ellen to Harry, hoping the two will fall in love. | LUV is fun ... try and make it! | new york city, bridge, slapstick comedy, waterfall","Artist: Michael Bublé / Album: Music From And Inspired By The Motion Picture Tyler Perry's Why Did I Get Married? / Genre: Pop / Lyrics excerpt: L is for the way you look at me / O is for the only one I see / V is very, very extraordinary / E is even more than anyone that you adore /  / Can this track is all that I can give to you / this track is more than just a game for two / Two in this track can make it / Take my heart but please don't break it / this track was made for me and you /  / L is for the way you look at me / O is for the only one I see / V is very, very extraordinary / E is e",,
L030,The smell rising from an old letter,"Genre: Biography|Drama|Romance / Director: David Hugh Jones / Cast: Anne Bancroft, Anthony Hopkins, Judi Dench, Jean De Baer / Overview: When a humorous script-reader in her New York apartment sees an ad in the Saturday Review of Literature for a bookstore in London that does mail order, she begins a very special correspondence and friendship with Frank Doel, the bookseller who works at Marks & Co., this film. | A big love affair that began in a little bookstore at this film. | london, england, bookshop, based on play or musical, based on memoir or autobiography, correspondence, 1950s, 1960s","Genre: Comedy|Drama|Romance / Director: Peter Chan Ho-Sun / Cast: Kate Capshaw, Blythe Danner, Ellen DeGeneres, Geraldine McEwan / Overview: In the sleepy New England town of Loblolly By The Sea, a letter has arrived that is going to wake things up. It is a love letter - ardent, sensual... and unsigned. As the letter falls into different hands, residents of the small town to eye one another with renewed interest - wondering who it's for and who it's from. Determined to find the letter's author, Helen MacFarquhar begins a quest that will open her life to a new chapter involving two decidedly different men: George, an old friend from her past, and Johnny, a young man very much in her present. Unexpectedly, one mysterious love note ha",,
L031,In front of a warm fireplace in midwinter,Author: Hans Christian Anderson / Blurb: This classic retelling of Hans Christian Andersen’s sad tale of “The Little Match Girl” comes to life once more through the artwork of Stanley F. Gilmore. Jr. This wonderful story is an ageless chronicle of a young girl struggling to stay warm on New Year’s Eve using the very matches she is suppose to be selling to earn money for her family. With each strike of a match the little girl sees wonderful things in the flames which warm both her heart and soul. Old Line Publishing is proud to bring our young readers yet another wonderful book as part of our Classic Christmas Collection. Enjoy the ot,"Author: Glenn Beck / Category: Christmas, Fiction, Inspirational, Holiday, Christian Fiction / Blurb: If You Could Change Your Life by Reversing Your Biggest Regrets, Sorrows and Mistakes...Would You?#1 New York Times bestselling author and renowned radio and television host Glenn Beck delivers an instant holiday classic about boyhood memories, wrenching life lessons, and the true meaning of the gifts we give to one another in love.We weren't wealthy, we weren't poor -- we just were. We never wanted for anything, except maybe more time together....When Eddie was twelve years old, all he wanted for Christmas was a bike. Although his life had gotten harder -- and money tighter -- since his fathe",,
L032,What is a human being,"Artist: Joe Rogan / Album: Talking Monkeys In Space / Genre: Pop / Lyrics excerpt: I DIDN'T COME FROM A MONKEY, I COME FROM JESUS. /  / A lot of people don't like to think that human being come from monkeys and it is usually for religion reasons. / You know, it is hard for people and they are tied to know that they came from Jesus, they didn't come from a monkey. / You've never had any conversations with someone which they say NO? / Bro (Brother) I know I came from Jesus BRO I know man, I","Artist: Bush / Album: The Science of Things (2014 Remastered) / Genre: Rock / Description: ""this track"" is a song by post-grunge band Bush from their fourth album The Science of Things. It spent 5 total weeks at #1 on the US Modern Rock Tracks chart and peaked on the US Hot 100 at 67. The song is unique among most other singles by the band due to its numerous electronic elements as well as an almost dancey percussion. However, it also bears a prominent rock guitar riff throughout. The song closed out the entire Alternative Rock Airplay panel in one week, an unprecedented",,
L033,A journey to find the meaning of life,"Genre: Documentary / Director: Johan van der Keuken / Overview: Johan van der Keuken went against the grain in 1980: from Amsterdam (on April 30 with the coronation riots and squatting actions) via Paris, southern France and Italy to Egypt. He made his personal travelogue in three parts for VPRO television. Later, he fused the three parts into one long movie. | egypt, paris, france, amsterdam, netherlands, italy","Author: Leo Buscaglia / Blurb: A journey toward fulfillment. A quest for awareness. Leo F. Buscaglia inspires you to discover your own road to peace. Here is the beautiful story of Buscaglia's travels from Japan and Hong Kong to Cambodia and Calcutta on his personal quest for discovery. As he learned, according to centuries-old Oriental tradition, the bull represents life, energy, truth and action. But once found, the bull cannot be tethered; he must be set free. One must seek him - and his meaning - over and over again. Leo F. Buscaglia shares his journey and the lesson that each person must find his or her own path. This ",,
L034,How much of me is made of memory,"Genre: Documentary|Biography|Romance / Director: Toby Amies / Cast: Tony Banwell / Overview: In this ""beautifully intimate and utterly unique piece of cinema"", Toby Amies crosses the line between filmmaker and carer, trying to cope with the strange and hilarious world view of the fragile eccentric, Drako Zarharzar. A love story.  Drako Oho Zaraharzar can remember modeling for Salvador Dali and hanging out with The Stones. But he can’t remember yesterday.  Following a severe head injury, Drako Zaraharzar suffers from terrible memory loss, he can access memories from before his accident, but can’t imprint new ones. As he puts it, “the recording machine in my head doesn’t work”. Conseque","Genre: Documentary / Director: Petra Seeger / Cast: Eric Kandel / Overview: ""this film"" is a very personal portrait of Eric Kandel, the ""rock star"" of neuroscience and the most important brain researcher of the 20th century. A fascinating documentary about the exciting mystery of the brain which arouses a curiosity in life and learning. | A personal portrait of the inspired neuroscientist Eric Kandel | nobel prize, woman director, neuroscience",,
L035,Winter breath fogging a windowpane,"Author: Lewis Libby / Blurb: takes place in a remote mountain inn in northernmost Japan, where a raging blizzard has brought together wayfarers who share only fear and suspicion of one another. It is the winter of 1903, the country is beset with smallpox and war is brewing with Russia. In the flickering shadows of the crowded room, the apprentice, charged with running the inn during the owner's absence, finds himself strongly attracted to one of the performers lodged there. His involvement with the mysterious travelers plunges him headlong into murder, passion and heart-stopping chases through the snow.","Genre: Action|Drama|Mystery / Director: Ron Underwood / Cast: Scottie Thompson, David Selby, Kathy Najimy, Eric Johnson / Overview: Detective Regan Reilly and cleaning-woman-turned-private-eye Alvirah Meegan, investigate the kidnapping of Regan's father and a young female driver just before the holidays. The race is on to rescue the pair and get them home in time for Christmas. | holiday",,
L036,A highway rest stop at sunset,"Genre: Adventure|Comedy|Drama / Director: Bob Gale / Cast: James Marsden, Gary Oldman, Amy Smart, Christopher Lloyd / Overview: An aspiring painter meets various characters and learns valuable lessons while traveling across America. | It began as a wish, became an adventure, and ended as the ultimate road trip. | motel, highway, convertible, surrealism, road trip, dream girl, judgment, lawyer, parallel world, courtroom, inspirational, romantic","Author: Savannah Hendricks / Category: Parenting & Relationships / Blurb: 2nd Place Winner for Women's Fiction in the 2021 Pencraft Awards 2021 New Mexico-Arizona Book Award Finalist for Fiction Other In the summer of 1993, on the ninth anniversary of her Mama’s death, Sandy runs away. Having a fear of germs is inconvenient when you’re on a road-trip adventure. However, needing to know what it’s like to have a mom, and to finally see the beach means more than anything to an eleven-year-old. Some sixteen years later, a man Sandy never wanted to see again shows up at her doorstep. When Sandy’s best friend places an ultimate life-changing decision in her hands, Sandy m",,
L037,The limits of understanding another person,"Author: Michael J. Nelson / Category: Humor, Nonfiction, Essays, Comedy, Short Stories / Blurb: Why do some people retain cute baby-talk names for their relatives (like ""Num-Num"" and ""Pee-Paw"") well into middle age? How should a reasonable person respond when Olivia Newton-John sings, ""Have you never been mellow?"" Who's responsible for the sorry state of men's fashion, and is it the same guy who invented the jerkin? Is there any future in being a Midwesterner? Can you really enjoy your lunch when the restaurant is decorated to look like an African plain? How come women keep dozens of bottles and jars of moisturizers, unguents, and lotions around -- all of them half empty?In more than 50 ","Genre: Short / Director: B. S. Johnson / Cast: William Hoyland / Overview: William Hoyland stars as a nameless protagonist who speaks to the camera in a fabricated language and, though the course of the film, transforms from young and verbose, to old and inarticulate.",,
L038,A courtroom drama based on a true story,"Genre: Comedy / Director: John Fortenberry / Cast: Pauly Shore, Tia Carrere, Stanley Tucci, Brian Doyle-Murray / Overview: When jobless Tommy Collins discovers that sequestered jurors earn free room and board as well as $5-a-day, he gets himself assigned to a jury in a murder trial. Once there, he does everything he can to prolong the trial and deliberations and make the sequestration more comfortable for himself. | For truth. For justice. For five bucks a day. | stripper, jury, this film, verdict","Genre: Comedy|Crime|Drama / Director: Takashi Miike / Cast: Hiroki Narimiya, Takumi Saitoh, Mirei Kiritani, Akiyoshi Nakao / Overview: Based primarily on the first game in the series, Phoenix Wright: Ace Attorney, the film focuses on rookie defense attorney Phoenix Wright, as he strives to protect his clients in various murder trials, including the death of his mentor, Mia Fey, and the accusation of rival prosecutor, Miles Edgeworth. Phoenix's greatest ally is Mia's younger sister Maya, a spirit medium whose body is possessed by Mia to communicate with him. | Objection! | murder, lawyer, courtroom, based on video game, phoenix wright",,
L039,A calm solo piano piece,"Author: Brent Edstrom / Category: Arts & Photo graphy / Blurb: (Piano Solo Songbook). Cool, jazzy arrangements of 23 most-requested standards at the piano lounge, including: Blue Moon * Cocktails for Two * Dream a Little Dream of Me * Fly Me to the Moon (In Other Words) * Georgia on My Mind * Hey There * I Left My Heart in San Francisco * I'm in the Mood for Love * The Lady Is a Tramp * Lullaby of Birdland * Mack the Knife * More (Ti Guardero Nel Cuore) * Over the Rainbow * Puttin' on the Ritz * Speak Low * The Very Thought of You * and more. Read more","Genre: Documentary|Biography|Music / Director: Ethan Hawke / Cast: Seymour Bernstein, Ethan Hawke / Overview: Ethan Hawke directs this intimate documentary portrait of classical pianist, composer, author, teacher and sage Seymour Bernstein. | Play life more beautifully | musician, biography",,
L040,Action movie set in space,"Genre: Action|Adventure|Sci-Fi / Director: Ford Beebe, Robert F. Hill / Cast: Buster Crabbe, Jean Rogers, Frank Shannon, Charles Middleton / Overview: When a deadly Nitron ray strikes Earth, Flash Gordon and his friends travel to Mars to battle Ming the Merciless and his new ally Queen Azura. | 15 Sensational Sense-Staggering Episodes! | spacecraft, planet mars, space travel, alien, space opera, movie serial","Author: R.L. Ullman / Category: Children's eBooks / Blurb: Book 12 in the bestselling, award-winning Epic Zero series! ★★★★★ Over 12,000 five-star reviews for the Epic Zero series on Amazon and Goodreads! Elliott Harkness has never felt better. Next Gen is finally earning respect from the Meta community and they’re working together better than ever. But unfortunately for Elliott, what goes up must always come down. Without warning, a rogue AI has hijacked every computer system on the planet in a bid to take over the world. But that’s not Elliott’s only problem. Three aliens from Meta-Man’s homeworld have arrived to destroy Earth—and they’ve taken an u",,
L041,A damp basement bookshop during the rainy season,"Genre: Drama / Director: Yuya Ishii / Cast: Ryuhei Matsuda, Aoi Miyazaki, Joe Odagiri, Haru Kuroki / Overview: Majime, an eccentric man in publishing company, who has unique ability of words, joins the team that will compile a new dictionary, The Great Passage. In the eclectic team, he becomes immersed in the world of dictionaries. But the team is overwhelmed with problems. | Will The Great Passage ever be completed? | based on novel or book, workplace, dictionary, socially awkward, 1990s","Author: Penelope Fitzgerald / Category: Fiction, Books About Books, Historical Fiction, British Literature, Literary Fiction / Blurb: In 1959 Florence Green, a kindhearted widow with a small inheritance, risks everything to open a bookshop - the only bookshop - in the seaside town of Hardborough. By making a success of a business so impractical, she invites the hostility of the town's less prosperous shopkeepers. By daring to enlarge her neighbors' lives, she crosses Mrs. Gamart, the local arts doyenne. Florence's warehouse leaks, her cellar seeps, and the shop is apparently haunted. Only too late does she begin to suspect the truth: a town that lacks a bookshop isn't always a town that wants one.",,
L042,Empty city streets at dawn,"Author: Saul Bellow / Blurb: Deftly interweaving humor and pathos, Saul Bellow evokes in the climactic events of one day the full drama of one man's search to affirm his own worth and humanity.","Genre: Drama / Director: Oren Moverman / Cast: Richard Gere, Ben Vereen, Jena Malone, Steve Buscemi / Overview: Evicted from his squat and suddenly alone on the streets, George is a man without a home. Struggling with his demons and desperately trying to connect with the daughter he abandoned, he navigates the system, hustling for change and somewhere safe and quiet to gather his thoughts. But the streets are relentless and soon, George finds himself teetering on the edge, alone and abandoned. | new york city",,
L043,Nonfiction about space exploration,"Author: Prof Lyndon Neal Smith PhD / Category: Engineering & Transportation / Blurb: Reviews: ""Highly engaging – a real page-turner that you won’t want to put down. A fascinating and enjoyable read that is wonderfully well illustrated by the author throughout. If you have ever wondered which are the seminal scientific discoveries and technological developments that have most shaped our modern world or pondered as to who the leading characters were, then this book is most definitely for you. The author takes the reader on a charming personal journey through his take on key historical moments in philosophy, politics, science, and technology, all the while exploring an intriguing","Genre: Comedy|Sci-Fi / Director: Ricardo Larraín / Cast: Boris Quercia, Javiera Contador, Willy Semler, Hugo Arana / Overview: The businessman who sends the first Chilean astronaut into outer space can't quite come up with the money to bring the adventurer back.",,
L044,Rock music with a heavy guitar riff,"Author: Martin Miller / Category: Arts & Photo graphy / Blurb: DISCOVER NEW DIRECTIONS IN ROCK GUITAR SOLOING! Modern Rock Guitar Soloing is the ultimate guide to contemporary rock lead guitar. Through a unique music first approach, Martin Miller shows you more than 30 essential concepts to take your lead guitar playing to new creative, melodic and technical heights. Aimed at intermediate and advanced level guitarists, this book gives new perspectives and tools to develop your melodic sense, line construction, changes playing, harmonic vocabulary, and much more to help you create head-turning and memorable rock solos. Through the concepts covered in this ","Artist: Tim Armstrong / Album: A Poets Life / Genre: Folk / Lyrics excerpt: (Are you ready for this?) / Yeah / this track / You son of a bitch / I wanna know who your with and / Why do you roll in and out / At like six in the morning / I say / this track / My love of mine / Why do you spend your time / With these guys who don't love you / The way that I do / This time things gonna be changin' / Start a new / Rearranging / I got a new / Girl I'm seein' / Just like the last one, jus' like the first one / Live for tod",,
L045,A country train station on a snowy night,"Genre: Short|Documentary / Director: Sergei Loznitsa / Overview: Trains travel through the night without stopping. The clatter of the carriages quickly disappears, along with the wail of the locomotive. The people at the station are all asleep. But why are they so exhausted ? And what are they waiting for?  Set inside an isolated train depot, The Train Station is one of Sergei Loznitsa's most haunting films. It is also one of his most pointed social critiques. In this film, we are brought to a remote train station deep in the Russian woods. It's nighttime. In the distance, we hear the clatter of locomotives. The station, a small wooden building, sits silent","Genre: Comedy / Director: Peter H. Hunt / Cast: Margot Kidder, Tim Matheson, Pat Hingle, Barry Corbin / Overview: The story is set in a diner in rural Kansas, about 25 miles west of Kansas City, Missouri during a snowstorm from which bus passengers must take shelter.",,
L046,Fluorescent glow of a late-night convenience store,"Author: Marcin Bruczkowski / Category: Nonfiction, Japan, Travel, Polish Literature, Biography / Blurb: Każdy początkujący gajdzin przeżywa w Japonii swoją porcję przygód, ucząc się na nowo jeść, mówić, czytać, pisać, myśleć, żyć...Skąd gajdzin (cudzoziemiec) bierze nowoczesny sprzęt muzyczny?Jak nie popełnić faux pas wobec japońskiego lekarza?Po czym poznać salarymana?Czy łatwo znaleźć w Tokio szkołę karate?Dlaczego młode Japonki nie chcą być ciastkiem świątecznym?Jak ogrzewa się mieszkania w kraju wysoko rozwiniętej techniki?Ile kanałów ma japońska telewizja satelitarna?Jak Japonia zwalcza bezrobocie?Jak zrozumieć odmienną kulturę i obyczajowość?O życiu gajina po dziesięciu latach pobytu w Jap","Genre: Comedy|Drama|Romance / Director: Sean Ellis / Cast: Sean Biggerstaff, Emilia Fox, Shaun Evans, Michael Dixon / Overview: After a painful breakup, Ben develops insomnia. To kill time, he starts working the late night shift at the local supermarket, where his artistic imagination runs wild. | Sometimes love is hiding between the seconds of your life. | night shift, london, england, supermarket, boredom, painting, insomnia, time, art school, sexual fantasy, memory, sexual attraction, break-up, art, time freeze , first kiss, magic realism, ex-boyfriend ex-girlfriend relationship, duringcreditsstinger, based on short film",,
L047,What remains after farewell,"Genre: Comedy / Director: Sam Weisman / Cast: Matthew Modine, Randy Quaid, Paul Reiser, Janeane Garofalo / Overview: With varying degrees of success, recently divorced friends Dave, Vic and Donny are trying to move on with their lives. Vic feels vilified by his ex-wife's parents, while Donny has a shaky bond with his teen daughter, Emma. Dave, meanwhile, has an enviable problem -- he has more dates than he can handle. As they confront their post-marital challenges, the men take solace in one another's plights. | Donny, Dave and Vic are best friends. They have everything in common ... ex-wives, new girlfriends, and the kids for the weekend.","Artist: Tom Waits / Album: Closing Time (Remastered) / Genre: Folk / Lyrics excerpt: I'm singin' this song, it's time it was sung / I've been puttin' it off for a while / But it's harder by now, 'cause the truth is so clear / That I cry when I'm seein' you smile / So goodbye, so long, the road calls me dear / And your tears cannot bind me anymore / And farewell to the girl with the sun in her eyes / Can I kiss you and then I'll be gone? / Every time that I tried to tell you / That we'd lost the mag",,
L048,Like the excitement of a spring day,"Genre: Comedy|Drama|Musical / Director: Henry Levin / Cast: Pat Boone, Shirley Jones, Arthur O'Connell, Dolores Michaels / Overview: A teenager, recently in trouble with the police, is sent to live with his aunt and uncle on their Kentucky farm in order to rediscover life's values. | Everything Wonderful Happens in this film! | musical","Author: Bruce Talkington / Blurb: ""Is it spring?"" sniffed a curious Winnie the Pooh, ""when breezes blow gently, and the sky is bright blue?"" Charming rhymes tell the tale of Pooh's search to find out if spring has arrived.",,
L049,Time slipping away like sand,"Genre: Drama / Director: Julien Temple / Cast: Grant Doyle, Christa Hughes, Lara Mulcahy, Lucy Maunder / Overview: An adaptation of the opera 'this film'","Author: Paul Davies / Category: Science, Physics, Nonfiction, Philosophy, Astronomy / Blurb: Ragnarok. Armageddon. Doomsday. Since the dawn of time, man has wondered how the world would end. In The Last Three Minutes, Paul Davies reveals the latest theories. It might end in a whimper, slowly scattering into the infinite void. Then again, it might be yanked back by its own gravity and end in a catastrophic ""Big Crunch."" There are other, more frightening possibilities. We may be seconds away from doom at this very moment.Written in clear language that makes the cutting-edge science of quarks, neutrinos, wormholes, and metaverses accessible to the layman, The Last Three Minutes treats re",,
L050,A heart cooling like forgotten coffee,"Genre: Drama / Director: Marc Erlbaum / Cast: Jennifer Love Hewitt, Daniel Eric Gold, Hubbel Palmer, Madeline Carroll / Overview: When tragedy strikes the community surrounding a cafe in West Philadelphia, the cafe's regulars come to realize how intertwined their lives truly are. | What if the world you lived in weren't real?","Author: Judi Hendricks / Category: Fiction, Chick Lit, Food, Romance, Contemporary / Blurb: Thirty-one-year-old Wynter Morrison is lost when her husband leaves her for another woman. Desperate for a change, she moves to Seattle, where she spends aimless hours at a local bakery sipping coffee and inhaling the sweet aromas of freshly-made bread. These visits bring back memories of the time she aprenticed at a French boulangerie, when her passion for bread-making nearly led her to leave college and become a baker.Once again, the desire to bake bread consumes her thoughts. When offered a position at the bake shop, Wyn quickly accepts, hoping that the baking will help her move on. But soo",,
L051,Mystery thriller novel with a twist ending,"Genre: Comedy|Crime|Romance / Director: Sandra Feldman, Colin Carter / Cast: Lara Jean Chorostecki, Jefferson Brown, Kristina Pesic, Cliff Saunders / Overview: An anonymous advice columnist finds herself caught in an unlikely romance with the man who has been hired to kill her alter ego. | hitman, advice columnist","Author: Janet Evanovich / Category: Mystery, Thriller & Suspense / Blurb: Trenton, New Jersey, bounty hunter Stephanie Plum has inherited a ""lucky"" bottle from her Uncle Pip. Problem is, Uncle Pip didn't specify if the bottle brought good luck or bad luck. . . . BAD LUCK: Vinnie, of Vincent Plum Bail Bonds, has run up a gambling debt of $786,000 with mobster Bobby Sunflower and is being held until the cash can be produced. Nobody else will pay to get Vinnie back, leaving it up to Stephanie, office manager Connie, and file clerk Lula to raise the money if they want to save their jobs. GOOD LUCK: Being in the business of tracking down people, Stephanie, Lula, and Conn",,
L052,A coming-of-age film set in the 1980s,"Artist: Neil Sedaka / Album: Circulate (Expanded Edition) / Genre: Pop / Lyrics excerpt: Tra, la, la, la, la, la, la, la, la / this track / Tra, la, la, la, la, la, la, la, la / this track /  / Tonight's the night I've waited for / Because you're not a baby anymore / You've turned into the prettiest girl I've ever seen / this track /  / What happened to that funny face / My little tomboy now wears satins and lace / I can't believe my eyes, you're just ","Genre: Comedy|Drama / Director: John Hughes / Cast: Emilio Estevez, Judd Nelson, Molly Ringwald, Anthony Michael Hall / Overview: Five high school students from different walks of life endure a Saturday detention under a power-hungry principal. The disparate group includes rebel John, princess Claire, outcast Allison, brainy Brian and Andrew, the jock. Each has a chance to tell his or her story, making the others see them a little differently -- and when the day ends, they question whether school will ever be the same. | They only met once, but it changed their lives forever. | high school, coming of age, teen angst, detention, teenage rebellion, stereotype, 1980s, teenager, hilarious, assertive, compassionate",,
L053,How much of me is made of memory,"Author: Eric R. Kandel / Category: Medical / Blurb: We are who we are in large part because of what we learn and remember. But how does the brain create memories? Nobel Prize winner Eric R. Kandel intertwines the intellectual history of the powerful new science of the mind—a combination of cognitive psychology, neuroscience, and molecular biology—with his own personal quest to understand memory. A deft mixture of memoir and history, modern biology and behavior, In Search of Memory brings readers from Kandel's childhood in Nazi-occupied Vienna to the forefront of one of the great scientific endeavors of the twentieth century: the search for the ","Author: Octavian Paler / Category: Romanian Literature, Romania, Memoir / Blurb: „In acest «autoportret» imi pun, mai explicit, o problema mai veche. Ce am in urma mea? O biografie? Sau un destin? Biografia mea n-are nimic spectaculos. Poate doar faptul ca am trait usor somnambulic, intre realitate si vis, sa fie interesant. Dar daca vad in urma mea, cum inclin sa vad, «un destin», ma lovesc de alte intrebari.M-am inselat, oare, crezind ca destinul este, in buna masura, o consecinta a caracterului nostru? E adevarat ca ereditatea a jucat rolul de ursitoare si ca defectele mele au facut restul? In fine, e gresita sau nu convingerea mea ca destinul nu e ocult si tenebros, ci",,
L054,A novel about a family secret,"Genre: Family / Director: Rick Bota / Cast: Lindsey Shaw, Derek Theler, Chiara Aurelia, Emily Rose / Overview: Appraiser Rachel (Lindsey Shaw) receives the news that her top-notched client wants to buyout a small town’s beloved library to build a resort and spa on the land. Rachel is completely against the idea of leaving NYC but loses the argument to her boss. So Rachel packs her bags and flies out to California. During her first visit to the library she runs into writer, Jake (Derek Theler), who is researching the tale of Captain Black Bart’s hidden treasures for his next novel. With hopes of saving the library, Mrs. Archer (Rachel Ticotin), the librarian, pushes Jake to show Rachel what the library ","Artist: Dierks Bentley / Album: Dierks Bentley / Genre: Country / Lyrics excerpt: I learned how to write it when I first started school / Some bully didn't like it, he said it didn't sound too cool / So I had to hit him and all I said when the blood came / It's this track /  / Grandpa took it off to Europe to fight the Germans in the war / It came back on some dogtags nobody wears no more / It's written on a headstone in the field where he was slain / It's this track /  / Passed down from gene",,
L055,Mystery thriller novel with a twist ending,"Genre: Comedy|Mystery|Thriller / Director: Daniel Pyne / Cast: Miguel Ferrer, John Livingston, Yasiin Bey, John Slattery / Overview: After making a disastrous 3-hour documentary on New York City's water supply, two young filmmakers focus on the goings-on of life in the LA offices of Boone and Murphy, private investigators. Cheating husbands and missing dogs fail to bring in the big bucks, however, and after sleeping with the wife of one of their clients, Murphy leaves. To stop Boone from having to close down the business, the filmmakers must resort to a more hands-on approach in the investigations to ensure the completion of their movie. | A comedy about passion, murder and things that can only happen in the movies. | holly","Artist: Steely Dan / Album: Can't Buy A Thrill / Genre: Pop / Description: ""this track"" is a song by American jazz-rock group Steely Dan that was released as a single from their debut 1972 album ""Can't Buy A Thrill"". The single version differed from the album version, shortening the intro, outro and two instrumental sections of the song. Released in 1972, the song debuted on the Billboard Hot 100 on 18 November 1972 and reached #6 on the US charts in 1973. The song was written by Walter Becker and Donald Fagen and has an unusual arrangement including an organ solo fea",,
L056,A heart cooling like forgotten coffee,"Author: Judith R. Hendricks / Blurb: Thirty-one-year-old Wynter Morrison is lost when her husband leaves her for another woman. Desperate for a change, she moves to Seattle, where she spends aimless hours at a local bakery sipping coffee and inhaling the sweet aromas of freshly-made bread. These visits bring back memories of the time she aprenticed at a French boulangerie, when her passion for bread-making nearly led her to leave college and become a baker.","Author: Ito Ogawa, Gianluca Coci / Category: Japan, Fiction, Japanese Literature, Food, Roman / Blurb: Ringo, una ragazza che lavora nelle cucine di un ristorante turco di Tokyo, rientra una sera a casa con l'intenzione di preparare una cena succulenta per il suo fidanzato col quale convive da un po'. Con suo sommo sgomento, però, scopre che l'appartamento è completamente vuoto. Niente televisore, lavatrice, frigorifero, mobili, tende, niente di niente. Spariti persino gli utensili in cucina, il mortaio di epoca Meiji ereditato dalla nonna materna, la casseruola Le Creuset acquistata con la paga del suo primo impiego, il coltello italiano ricevuto in occasione del suo ventesimo compleanno. E, s",,
L057,Warmth left in a room after the lights go out,"Genre: Comedy|Drama|Romance / Director: Cameron Crowe / Cast: Orlando Bloom, Kirsten Dunst, Susan Sarandon, Alec Baldwin / Overview: Drew Baylor is fired after causing his shoe company to lose hundreds of millions of dollars. To make matters worse, he's also dumped by his girlfriend. On the verge of ending it all, Drew gets a new lease on life when he returns to his family's small Kentucky hometown after his father dies. Along the way, he meets a flight attendant with whom he falls in love. | It's a heck of a place to find yourself | hotel room, new love, airplane, funeral, suicide attempt, lovers, falling in love, hometown, return to hometown","Author: Alyloony, Ray Magbanua (llustrator) / Category: Love / Blurb: Nasubukan mo na bang magmahal ng isang taong alam mong hindi ka mamahalin? Naranasan mo na bang maging sobrang malapit sa taong yun pero hindi mo pa rin magawang hawakan ang puso niya? Matagal nang tinanggap ni AMBER LOPEZ na pagdating sa larangan ng pag-Ibig, malas siya. Madalas kasi siyang mapagtripan ng tadhana. Nang bumalik siya sa London matapos niyang pakawalan ang ex niyang si JIRO at tanggapin na masaya na ito sa ibang babae, bun na ang boob niya na mag-move on at kalimutan ang nakaraan. Ngunit hindi inakala ni Amber na magtatagpo ang landas nila ng kaibigan ng kanyang ex-boyfriend na ",,
L058,In front of a warm fireplace in midwinter,"Genre: Comedy|Family|Animation / Director: Burt Gillett / Cast: Walt Disney, Pinto Colvig / Overview: Mickey is playing Christmas carols on a standup bass for change. Alas, all he gets is screws, rocks, and other useless stuff. He plays outside a rich man's window, and the spoiled brat kid inside decides he wants Pluto. Mickey isn't selling, but when his bass gets destroyed by a passing sleigh and he sees a house full of orphans with no presents, he changes his mind. Mickey plays Santa to the kids. Meanwhile, the brat has been torturing Pluto; his father finally has enough and throws Pluto out and spanks the child. Pluto and Mickey are reunited, and as a bonus, the kid has tied the Christmas t","Artist: Dean Martin / Album: Christmas Classics / Genre: Jazz / Lyrics excerpt: I really can't stay / (But baby it's cold outside) / I've got to away / (But baby it's cold outside) / This evening has been / (Been hoping that you'd drop in) / So very nice / (I'll hold your hands, they're just like ice) /  / My mother will start to worry / (Beautiful what's your hurry) / My father will be pacing the floor / (Listen to the fireplace roar) / So really I'd better scurry / (Beautiful please don't hurry) / But m",,
L059,A season that passed without being spoken,"Genre: Drama|Sci-Fi|Thriller / Director: Mark Region / Cast: Jason Kulas, Peggy McClellan, Scott Winters, Casey McDougal / Overview: Two neurology students create a telepathy experiment together to visualize a murderer, who recently knifed another student. | The end of a season means the beginning of a new one. | animated scene, dream sequence, parkinson's disease","Author: Paul Monette / Blurb: Two male lovers, a legendary movie goddess, an estate caretaker, a repressed prep-school teacher, and a polyestered Beverly Hills agent mount an incredible scam in Paul Monette's witty and wicked novel. Beth Carroll, a wealthy old lady cared for by her gay houseboy David and by Phidias, the overseer of the estate and her lover for fifty years, has died before signing her will which will protect her magnificent property from being sold to developers, Phidias enlists David's aid, and David calls in his old lover Rick and the latter's famous friend, the Dietrich-esque chanteuse Madeleine Cosquer,",,
L060,Between freedom and responsibility,"Author: M.J. DeMarco / Category: Business, Entrepreneurship, Self Help, Nonfiction, Personal Development / Blurb: WHAT IF LIFE WASN'T ABOUT DECADES OF WAGE-SLAVERY, PAYING BILLS, AND THEN DYING?Today's contemporary slavery is an implied social contract whereas a gilded cage is exchanged for voluntary indebtedness and lifelong toil, a price sacrificed by a non-redeemable fifty-years of Monday through Friday, a willful servitude in which freedom is only promised by the dawn of life's fading twilight.- /   /  /  MJ DeMarco / HAS AN INVISIBLE SCRIPT HIJACKED YOUR LIFE?UNLOCK YOUR TRUTH. UNLEASH YOUR DREAM.Tired of sleepwalking through a mediocre life bribed by mindless video-gaming, redemptive weekends, and a scant p","Genre: Comedy|Drama / Director: Roberto Rossellini / Cast: Totò, Vera Molnar, Nyta Dover, Franca Faldini / Overview: A barber, murderer because of jealousy, spends twenty years in jail. He cannot, however adjust himself to a changed world and to the hypocrisy of his own relatives and decides to return behind bars.",,
