asin,title,author,category_name,numRatings,rating
gr_3.Harry_Potter_and_the_Sorcerer_s_Stone,Harry Potter and the Sorcerer's Stone,"J.K. Rowling, Mary GrandPré","Fantasy, Fiction, Young Adult, Magic, Childrens",7048471,4.47
gr_2767052-the-hunger-games,The Hunger Games,Suzanne Collins,"Young Adult, Fiction, Dystopia, Fantasy, Science Fiction",6376780,4.33
gr_41865.Twilight,Twilight,Stephenie Meyer,"Young Adult, Fantasy, Romance, Vampires, Fiction",4964519,3.6
gr_2657.To_Kill_a_Mockingbird,To Kill a Mockingbird,Harper Lee,"Classics, Fiction, Historical Fiction, School, Literature",4501075,4.28
gr_4671.The_Great_Gatsby,The Great Gatsby,"F. Scott Fitzgerald, Francis Scott Fitzgerald","Classics, Fiction, School, Literature, Historical Fiction",3775504,3.92
gr_11870085-the-fault-in-our-stars,The Fault in Our Stars,John Green,"Young Adult, Romance, Fiction, Contemporary, Realistic Fiction",3550714,4.21
gr_1885.Pride_and_Prejudice,Pride and Prejudice,"Jane Austen, Anna Quindlen","Classics, Fiction, Romance, Historical Fiction, Literature",2998241,4.26
gr_13335037-divergent,Divergent,Veronica Roth,"Young Adult, Dystopia, Fiction, Fantasy, Science Fiction",2906258,4.19
gr_5907.The_Hobbit_or_There_and_Back_Again,"The Hobbit, or There and Back Again",J.R.R. Tolkien,"Fantasy, Classics, Fiction, Adventure, Young Adult",2896265,4.27
gr_5.Harry_Potter_and_the_Prisoner_of_Azkaban,Harry Potter and the Prisoner of Azkaban,"J.K. Rowling, Mary GrandPré","Fantasy, Young Adult, Fiction, Magic, Childrens",2806471,4.57
gr_48855.The_Diary_of_a_Young_Girl,The Diary of a Young Girl,"Anne Frank, Eleanor Roosevelt, 郭清玲, Barbara Mooyaart-Doubleday","Nonfiction, Classics, History, Biography, Memoir",2741134,4.15
gr_170448.Animal_Farm,Animal Farm,"George Orwell, Russell Baker, C.M. Woodhouse","Classics, Fiction, Dystopia, Fantasy, Literature",2740713,3.95
gr_15881.Harry_Potter_and_the_Chamber_of_Secrets,Harry Potter and the Chamber of Secrets,"J.K. Rowling, Mary GrandPré","Fantasy, Young Adult, Fiction, Magic, Childrens",2725847,4.43
gr_960.Angels_Demons,Angels & Demons,Dan Brown,"Fiction, Mystery, Thriller, Suspense, Mystery Thriller",2675792,3.9
gr_2429135.The_Girl_with_the_Dragon_Tattoo,The Girl with the Dragon Tattoo,"Stieg Larsson, Reg Keeland","Fiction, Mystery, Suspense, Contemporary, Adult",2607860,4.14
gr_6.Harry_Potter_and_the_Goblet_of_Fire,Harry Potter and the Goblet of Fire,"J.K. Rowling, Mary GrandPré","Fantasy, Young Adult, Fiction, Magic, Childrens",2594622,4.56
gr_6148028-catching-fire,Catching Fire,Suzanne Collins,"Young Adult, Dystopia, Fiction, Fantasy, Science Fiction",2514084,4.29
gr_2.Harry_Potter_and_the_Order_of_the_Phoenix,Harry Potter and the Order of the Phoenix,"J.K. Rowling, Mary GrandPré","Fantasy, Young Adult, Fiction, Magic, Childrens",2507623,4.5
gr_1.Harry_Potter_and_the_Half_Blood_Prince,Harry Potter and the Half-Blood Prince,J.K. Rowling,"Fantasy, Young Adult, Fiction, Magic, Childrens",2437658,4.57
gr_77203.The_Kite_Runner,The Kite Runner,"Khaled Hosseini, Berliani M. Nugrahani","Fiction, Historical Fiction, Contemporary, Classics, Novels",2424976,4.3
gr_19288043-gone-girl,Gone Girl,Gillian Flynn,"Fiction, Mystery, Thriller, Crime, Mystery Thriller",2329146,4.08
gr_7624.Lord_of_the_Flies,Lord of the Flies,William Golding,"Classics, Fiction, Young Adult, School, Literature",2263259,3.69
gr_4667024-the-help,The Help,Kathryn Stockett,"Fiction, Historical Fiction, Historical, Adult, Adult Fiction",2164011,4.47
gr_100915.The_Lion_the_Witch_and_the_Wardrobe,"The Lion, the Witch and the Wardrobe",C.S. Lewis,"Fantasy, Classics, Fiction, Young Adult, Childrens",2127972,4.22
gr_22557272-the-girl-on-the-train,The Girl on the Train,Paula Hawkins,"Fiction, Mystery, Thriller, Crime, Mystery Thriller",2111336,3.93
gr_18144590-the-alchemist,The Alchemist,"Paulo Coelho, Alan R. Clarke, James Noel Smith","Fiction, Classics, Fantasy, Philosophy, Novels",2107732,3.88
gr_18135.Romeo_and_Juliet,Romeo and Juliet,"William Shakespeare, Paul Werstine, Barbara A. Mowat, Paavo Emil Cajander","Classics, Plays, Fiction, Romance, School",2055102,3.75
gr_13496.A_Game_of_Thrones,A Game of Thrones,George R.R. Martin,"Fantasy, Fiction, Epic Fantasy, Adult, Science Fiction Fantasy",2003043,4.45
gr_10818853-fifty-shades-of-grey,Fifty Shades of Grey,E.L. James,"Romance, Fiction, Erotica, Adult, BDSM",1946452,3.66
gr_890.Of_Mice_and_Men,Of Mice and Men,John Steinbeck,"Classics, Fiction, School, Historical Fiction, Literature",1942168,3.88
gr_968.The_Da_Vinci_Code,The Da Vinci Code,Dan Brown,"Fiction, Mystery, Thriller, Suspense, Mystery Thriller",1933446,3.86
gr_929.Memoirs_of_a_Geisha,Memoirs of a Geisha,Arthur Golden,"Fiction, Historical Fiction, Romance, Historical, Classics",1717312,4.12
gr_1934.Little_Women,Little Women,Louisa May Alcott,"Classics, Fiction, Historical Fiction, Young Adult, Romance",1681583,4.09
gr_13079982-fahrenheit-451,Fahrenheit 451,Ray Bradbury,"Classics, Fiction, Science Fiction, Dystopia, School",1680139,3.99
gr_10210.Jane_Eyre,Jane Eyre,"Charlotte Brontë, Michael Mason, Barnett Freedman","Classics, Fiction, Romance, Historical Fiction, Literature",1624682,4.13
gr_256683.City_of_Bones,City of Bones,Cassandra Clare,"Fantasy, Young Adult, Paranormal, Romance, Urban Fantasy",1617465,4.1
gr_18619684-the-time-traveler-s-wife,The Time Traveler's Wife,Audrey Niffenegger,"Fiction, Romance, Fantasy, Time Travel, Science Fiction",1573857,3.97
gr_19501.Eat_Pray_Love,"Eat, Pray, Love",Elizabeth Gilbert,"Nonfiction, Memoir, Travel, Biography, Chick Lit",1474731,3.57
gr_38447.The_Handmaid_s_Tale,The Handmaid's Tale,Margaret Atwood,"Fiction, Classics, Dystopia, Science Fiction, Feminism",1459245,4.11
gr_5129.Brave_New_World,Brave New World,Aldous Huxley,"Classics, Fiction, Science Fiction, Dystopia, Literature",1441287,3.99
gr_386162.The_Hitchhiker_s_Guide_to_the_Galaxy,The Hitchhiker's Guide to the Galaxy,Douglas Adams,"Science Fiction, Fiction, Humor, Fantasy, Classics",1436325,4.22
gr_428263.Eclipse,Eclipse,Stephenie Meyer,"Young Adult, Fantasy, Romance, Vampires, Fiction",1424531,3.7
gr_24178.Charlotte_s_Web,Charlotte's Web,"E.B. White, Garth Williams, Rosemary Wells (Illustrations)","Classics, Childrens, Fiction, Young Adult, Fantasy",1417302,4.17
gr_43641.Water_for_Elephants,Water for Elephants,Sara Gruen,"Fiction, Historical Fiction, Romance, Historical, Adult",1379584,4.09
gr_157993.The_Little_Prince,The Little Prince,"Antoine de Saint-Exupéry, Richard Howard, Ivan Minatti, Nguyễn Thành Vũ","Classics, Fiction, Fantasy, Childrens, France",1363048,4.31
gr_6185.Wuthering_Heights,Wuthering Heights,"Emily Brontë, Richard J. Dunn, David Timson, Charlotte Brontë (Commentary), Robert Heindel","Classics, Fiction, Romance, Gothic, Literature",1342664,3.86
gr_4214.Life_of_Pi,Life of Pi,Yann Martel,"Fiction, Fantasy, Classics, Adventure, Contemporary",1339076,3.91
gr_33648131-the-notebook,The Notebook,Nicholas Sparks,"Romance, Fiction, Chick Lit, Contemporary, Adult",1331152,4.11
gr_1162543.Breaking_Dawn,Breaking Dawn,Stephenie Meyer,"Young Adult, Fantasy, Romance, Vampires, Fiction",1323975,3.7
gr_119322.The_Golden_Compass,The Golden Compass,Philip Pullman,"Fantasy, Young Adult, Fiction, Childrens, Adventure",1284131,3.99
gr_35031085-frankenstein,Frankenstein: The 1818 Text,"Mary Wollstonecraft Shelley, Charlotte Gordon","Classics, Fiction, Horror, Science Fiction, Gothic",1162638,3.81
gr_2956.The_Adventures_of_Huckleberry_Finn,The Adventures of Huckleberry Finn,"Mark Twain, Guy Cardwell (Notes), John Seelye, Walter Trier (Ilustrator)","Classics, Fiction, Historical Fiction, Literature, Young Adult",1151767,3.82
gr_128029.A_Thousand_Splendid_Suns,A Thousand Splendid Suns,Khaled Hosseini,"Fiction, Historical Fiction, Contemporary, Novels, Historical",1151288,4.38
gr_17347634-me-before-you,Me Before You,Jojo Moyes,"Romance, Fiction, Contemporary, Chick Lit, Adult",1148863,4.26
gr_375802.Ender_s_Game,Ender's Game,"Orson Scott Card, Stefan Rudnicki, Harlan Ellison","Science Fiction, Fiction, Young Adult, Fantasy, Classics",1131303,4.3
gr_4981.Slaughterhouse_Five,Slaughterhouse-Five,Kurt Vonnegut Jr.,"Classics, Fiction, Science Fiction, War, Historical Fiction",1129210,4.08
gr_11588.The_Shining,The Shining,Stephen King,"Horror, Fiction, Thriller, Classics, Fantasy",1126760,4.23
gr_99561.Looking_for_Alaska,Looking for Alaska,John Green,"Young Adult, Fiction, Contemporary, Romance, Realistic Fiction",1113222,4.02
gr_18405.Gone_with_the_Wind,Gone with the Wind,Margaret Mitchell,"Classics, Historical Fiction, Fiction, Romance, Historical",1074620,4.3
gr_10917.My_Sister_s_Keeper,My Sister's Keeper,Jodi Picoult,"Fiction, Contemporary, Chick Lit, Young Adult, Drama",1056676,4.08
gr_6186357-the-maze-runner,The Maze Runner,James Dashner,"Young Adult, Dystopia, Science Fiction, Fiction, Fantasy",1056076,4.03
gr_33574273-a-wrinkle-in-time,A Wrinkle in Time,Madeleine L'Engle,"Fantasy, Fiction, Classics, Young Adult, Science Fiction",1051535,4.0
gr_18143977-all-the-light-we-cannot-see,All the Light We Cannot See,Anthony Doerr,"Historical Fiction, Fiction, Historical, War, World War II",1024442,4.33
gr_9460487-miss-peregrine-s-home-for-peculiar-children,Miss Peregrine's Home for Peculiar Children,Ransom Riggs,"Fantasy, Young Adult, Fiction, Paranormal, Mystery",977080,3.91
gr_36809135-where-the-crawdads-sing,Where the Crawdads Sing,Delia Owens,"Fiction, Historical Fiction, Mystery, Audiobook, Adult",975284,4.47
gr_1617.Night,Night,"Elie Wiesel, Marion Wiesel, François Mauriac","Nonfiction, Classics, History, Memoir, Holocaust",970183,4.34
gr_38709.Holes,Holes,Louis Sachar,"Young Adult, Fiction, Childrens, Middle Grade, Realistic Fiction",969512,3.97
gr_5297.The_Picture_of_Dorian_Gray,The Picture of Dorian Gray,"Oscar Wilde, Jeffrey Eugenides","Classics, Fiction, Horror, Fantasy, Literature",966196,4.08
gr_14935.Sense_and_Sensibility,Sense and Sensibility,"Jane Austen, Tony Tanner, Ros Ballaster","Classics, Fiction, Historical Fiction, Literature, Historical",957599,4.07
gr_11084145-steve-jobs,Steve Jobs,Walter Isaacson,"Biography, Nonfiction, Business, Technology, History",956505,4.14
gr_17245.Dracula,Dracula,"Bram Stoker, Nina Auerbach, David J. Skal","Classics, Horror, Fiction, Fantasy, Vampires",938325,4.0
gr_6442769-paper-towns,Paper Towns,John Green,"Young Adult, Contemporary, Fiction, Romance, Mystery",919337,3.8
gr_370493.The_Giving_Tree,The Giving Tree,Shel Silverstein,"Childrens, Picture Books, Classics, Fiction, Poetry",905731,4.37
gr_10507293-the-selection,The Selection,Kiera Cass,"Young Adult, Romance, Dystopia, Fantasy, Fiction",892728,4.13
gr_2998.The_Secret_Garden,The Secret Garden,Frances Hodgson Burnett,"Classics, Fiction, Childrens, Young Adult, Historical Fiction",891374,4.13
gr_227443.Bridget_Jones_s_Diary,Bridget Jones's Diary,"Helen Fielding, Хелен Филдинг","Fiction, Chick Lit, Romance, Humor, Contemporary",881406,3.78
gr_1845.Into_the_Wild,Into the Wild,Jon Krakauer,"Nonfiction, Biography, Travel, Adventure, Classics",878855,3.99
gr_1381.The_Odyssey,The Odyssey,"Homer, Robert Fagles, Bernard Knox","Classics, Fiction, Poetry, Mythology, Fantasy",861486,3.77
gr_15745753-eleanor-park,Eleanor & Park,Rainbow Rowell,"Young Adult, Romance, Contemporary, Fiction, Realistic Fiction",860151,4.05
gr_9418327-bossypants,Bossypants,Tina Fey,"Nonfiction, Memoir, Humor, Biography, Audiobook",848089,3.95
gr_2165.The_Old_Man_and_the_Sea,The Old Man and the Sea,Ernest Hemingway,"Classics, Fiction, Literature, Novels, American",831152,3.78
gr_18710190-allegiant,Allegiant,Veronica Roth,"Young Adult, Dystopia, Fiction, Science Fiction, Fantasy",826865,3.62
gr_10964.Outlander,Outlander,Diana Gabaldon,"Historical Fiction, Romance, Fantasy, Fiction, Time Travel",824014,4.23
gr_16299.And_Then_There_Were_None,And Then There Were None,Agatha Christie,"Mystery, Classics, Fiction, Crime, Thriller",822061,4.26
gr_18007564-the-martian,The Martian,Andy Weir,"Science Fiction, Fiction, Audiobook, Adventure, Space",817411,4.4
gr_19543.Where_the_Wild_Things_Are,Where the Wild Things Are,Maurice Sendak,"Childrens, Picture Books, Fiction, Classics, Fantasy",816934,4.22
gr_1953.A_Tale_of_Two_Cities,A Tale of Two Cities,"Charles Dickens, Richard Maxwell","Classics, Fiction, Historical Fiction, Literature, Historical",810000,3.85
gr_5060378-the-girl-who-played-with-fire,The Girl Who Played with Fire,"Stieg Larsson, Reg Keeland","Fiction, Mystery, Thriller, Crime, Mystery Thriller",809293,4.24
gr_40604658-jurassic-park,Jurassic Park,Michael Crichton,"Science Fiction, Fiction, Thriller, Adventure, Fantasy",802556,4.04
gr_35133922-educated,Educated,Tara Westover,"Nonfiction, Memoir, Biography, Audiobook, Biography Memoir",796019,4.47
gr_3777732-city-of-glass,City of Glass,Cassandra Clare,"Fantasy, Young Adult, Paranormal, Romance, Urban Fantasy",795269,4.31
gr_10572.A_Clash_of_Kings,A Clash of Kings,George R.R. Martin,"Fantasy, Fiction, Epic Fantasy, Science Fiction Fantasy, High Fantasy",788274,4.41
gr_5139.The_Devil_Wears_Prada,The Devil Wears Prada,Lauren Weisberger,"Chick Lit, Fiction, Contemporary, Romance, Adult",786346,3.75
gr_6900.Tuesdays_with_Morrie,Tuesdays with Morrie,Mitch Albom,"Nonfiction, Memoir, Biography, Inspirational, Classics",782188,4.11
gr_21787.The_Princess_Bride,The Princess Bride,William Goldman,"Fantasy, Fiction, Classics, Romance, Humor",779597,4.26
gr_6350972-tote-m-dchen-l-gen-nicht,Tote Mädchen lügen nicht,"Jay Asher, Knut Krüger (Übersetzer)","Young Adult, Contemporary, Fiction, Realistic Fiction, Mystery",772610,3.92
gr_44767458-dune,Dune,Frank Herbert,"Science Fiction, Fiction, Fantasy, Classics, Science Fiction Fantasy",765785,4.23
gr_24583.The_Adventures_of_Tom_Sawyer,The Adventures of Tom Sawyer,"Mark Twain, Guy Cardwell (Annotations), John Seelye","Classics, Fiction, Adventure, Young Adult, Historical Fiction",758171,3.91
gr_320.One_Hundred_Years_of_Solitude,One Hundred Years of Solitude,"Gabriel García Márquez, Gregory Rabassa","Fiction, Classics, Magical Realism, Literature, Novels",753470,4.08
gr_18114322-the-grapes-of-wrath,The Grapes of Wrath,John Steinbeck,"Classics, Fiction, Historical Fiction, Literature, Novels",750113,3.97
gr_28186.The_Sea_of_Monsters,The Sea of Monsters,Rick Riordan,"Fantasy, Young Adult, Mythology, Fiction, Middle Grade",748643,4.24
gr_7126.The_Count_of_Monte_Cristo,The Count of Monte Cristo,"Alexandre Dumas, Robin Buss","Classics, Fiction, Historical Fiction, Adventure, Literature",746424,4.25
gr_1582996.City_of_Ashes,City of Ashes,Cassandra Clare,"Fantasy, Young Adult, Paranormal, Romance, Urban Fantasy",746180,4.17
gr_2120932.The_Battle_of_the_Labyrinth,The Battle of the Labyrinth,Rick Riordan,"Fantasy, Young Adult, Mythology, Fiction, Middle Grade",741242,4.39
gr_1420.Hamlet,Hamlet,"William Shakespeare, Harold Bloom, Rex Gibson","Classics, Plays, Fiction, Drama, School",730077,4.02
gr_168668.Catch_22,Catch-22,Joseph Heller,"Classics, Fiction, War, Historical Fiction, Humor",723147,3.98
gr_17333223-the-goldfinch,The Goldfinch,Donna Tartt,"Fiction, Contemporary, Literary Fiction, Audiobook, Art",719757,3.92
gr_15241.The_Two_Towers,The Two Towers,"J.R.R. Tolkien, Peter S. Beagle","Fantasy, Fiction, Classics, Adventure, Science Fiction Fantasy",719647,4.44
gr_6288.The_Road,The Road,Cormac McCarthy,"Fiction, Science Fiction, Dystopia, Post Apocalyptic, Classics",716197,3.97
gr_186074.The_Name_of_the_Wind,The Name of the Wind,Patrick Rothfuss,"Fantasy, Fiction, Epic Fantasy, High Fantasy, Magic",715936,4.53
gr_31685789-room,Room,Emma Donoghue,"Fiction, Contemporary, Adult, Adult Fiction, Book Club",714395,4.06
gr_13536860-fifty-shades-freed,Fifty Shades Freed,E.L. James,"Romance, Erotica, Fiction, BDSM, Adult",713779,3.85
gr_51704136-little-fires-everywhere,Little Fires Everywhere,Celeste Ng,"Fiction, Contemporary, Audiobook, Adult, Adult Fiction",712854,4.1
gr_1202.Freakonomics,Freakonomics: A Rogue Economist Explores the Hidden Side of Everything,"Steven D. Levitt, Stephen J. Dubner","Nonfiction, Economics, Business, Science, Psychology",708708,3.98
gr_31434883-eleanor-oliphant-is-completely-fine,Eleanor Oliphant Is Completely Fine,Gail Honeyman,"Fiction, Contemporary, Audiobook, Adult, Adult Fiction",708400,4.28
gr_49552.The_Stranger,The Stranger,"Albert Camus, Matthew Ward","Classics, Fiction, Philosophy, France, Literature",706396,3.98
gr_12296.The_Scarlet_Letter,The Scarlet Letter,"Nathaniel Hawthorne, Thomas E. Connolly (Annotations), Nina Baym","Classics, Fiction, Historical Fiction, School, Literature",706272,3.41
gr_32542.A_Time_to_Kill,A Time to Kill,John Grisham,"Fiction, Mystery, Thriller, Crime, Suspense",703377,4.07
gr_29056083-harry-potter-and-the-cursed-child,Harry Potter and the Cursed Child: Parts One and Two,"John Tiffany (Adaptation), Jack Thorne, J.K. Rowling","Fantasy, Fiction, Young Adult, Plays, Magic",701541,3.62
gr_21853621-the-nightingale,The Nightingale,Kristin Hannah,"Historical Fiction, Fiction, Historical, World War II, War",697799,4.57
gr_561456.The_Titan_s_Curse,The Titan's Curse,Rick Riordan,"Fantasy, Young Adult, Mythology, Fiction, Middle Grade",686287,4.35
gr_9361589-the-night-circus,The Night Circus,Erin Morgenstern,"Fantasy, Fiction, Romance, Historical Fiction, Magic",684622,4.03
gr_24280.Les_Mis_rables,Les Misérables,"Victor Hugo, Lee Fahnestock, Norman MacAfee","Classics, Fiction, Historical Fiction, Literature, France",682793,4.18
gr_36381037-cinder,Cinder,Marissa Meyer,"Young Adult, Fantasy, Science Fiction, Romance, Dystopia",682555,4.14
gr_15823480-anna-karenina,Anna Karenina,"Leo Tolstoy, Aylmer Maude, Lev Tolstoi, Louise Maude, George Gibian","Classics, Fiction, Romance, Russia, Historical Fiction",681953,4.05
gr_838729.The_Return_of_the_King,The Return of the King,J.R.R. Tolkien,"Fantasy, Fiction, Classics, Adventure, Science Fiction Fantasy",678718,4.53
gr_18045891-sharp-objects,Sharp Objects,Gillian Flynn,"Mystery, Fiction, Thriller, Crime, Mystery Thriller",678349,3.98
gr_8852.Macbeth,Macbeth,William Shakespeare,"Classics, Plays, Fiction, Drama, School",673537,3.9
gr_35545737-a-walk-to-remember,A Walk to Remember,Nicholas Sparks,"Romance, Fiction, Chick Lit, Contemporary, Young Adult",673094,4.18
gr_4556058-the-last-olympian,The Last Olympian,Rick Riordan,"Fantasy, Young Adult, Mythology, Fiction, Middle Grade",668059,4.51
gr_7171637-clockwork-angel,Clockwork Angel,"Cassandra Clare, Rita Sussekind","Fantasy, Young Adult, Paranormal, Romance, Steampunk",666121,4.32
gr_62291.A_Storm_of_Swords,A Storm of Swords,George R.R. Martin,"Fantasy, Fiction, Epic Fantasy, Science Fiction Fantasy, High Fantasy",666114,4.53
gr_6310.Charlie_and_the_Chocolate_Factory,Charlie and the Chocolate Factory,"Roald Dahl, Quentin Blake (Illustrations)","Childrens, Fantasy, Fiction, Classics, Young Adult",664710,4.14
gr_7604.Lolita,Lolita,"Vladimir Nabokov, Craig Raine","Classics, Fiction, Literature, Novels, Russia",663069,3.89
gr_7244.The_Poisonwood_Bible,The Poisonwood Bible,Barbara Kingsolver,"Fiction, Historical Fiction, Africa, Classics, Historical",658743,4.06
gr_7735333-matched,Matched,Ally Condie,"Young Adult, Dystopia, Romance, Science Fiction, Fiction",653393,3.66
gr_6969.Emma,Emma,"Jane Austen, Fiona Stafford","Classics, Fiction, Romance, Historical Fiction, Literature",652027,4.01
gr_2623.Great_Expectations,Great Expectations,"Charles Dickens, Παυλίνα Παμπούδη, Marisa Sestino","Classics, Fiction, Literature, Historical Fiction, School",651506,3.78
gr_5043.The_Pillars_of_the_Earth,The Pillars of the Earth,Ken Follett,"Historical Fiction, Fiction, Historical, Fantasy, Classics",648793,4.31
gr_39988.Matilda,Matilda,"Roald Dahl, Quentin Blake","Childrens, Fiction, Classics, Fantasy, Young Adult",647667,4.32
gr_9416.Confessions_of_a_Shopaholic,Confessions of a Shopaholic,Sophie Kinsella,"Chick Lit, Fiction, Romance, Contemporary, Humor",647366,3.65
gr_6892870-the-girl-who-kicked-the-hornet-s-nest,The Girl Who Kicked the Hornet's Nest,"Stieg Larsson, Reg Keeland","Fiction, Mystery, Thriller, Crime, Mystery Thriller",645579,4.22
gr_485894.The_Metamorphosis,The Metamorphosis,"Franz Kafka, Stanley Corngold, Mircea Ivănescu","Classics, Fiction, Fantasy, Literature, Short Stories",643254,3.82
gr_332613.One_Flew_Over_the_Cuckoo_s_Nest,One Flew Over the Cuckoo's Nest,Ken Kesey,"Classics, Fiction, Literature, Psychology, Novels",630948,4.19
gr_7144.Crime_and_Punishment,Crime and Punishment,"Fyodor Dostoyevsky, David McDuff","Classics, Fiction, Russia, Literature, Russian Literature",626897,4.22
gr_2865.Girl_with_a_Pearl_Earring,Girl with a Pearl Earring,Tracy Chevalier,"Historical Fiction, Fiction, Historical, Classics, Art",626689,3.89
gr_7736182-the-lost-hero,The Lost Hero,Rick Riordan,"Fantasy, Young Adult, Mythology, Fiction, Middle Grade",624124,4.33
gr_452306.The_Sisterhood_of_the_Traveling_Pants,The Sisterhood of the Traveling Pants,Ann Brashares,"Young Adult, Fiction, Chick Lit, Contemporary, Romance",623509,3.8
gr_13497.A_Feast_for_Crows,A Feast for Crows,George R.R. Martin,"Fantasy, Fiction, Epic Fantasy, Science Fiction Fantasy, High Fantasy",620916,4.14
gr_4137.Me_Talk_Pretty_One_Day,Me Talk Pretty One Day,David Sedaris,"Nonfiction, Humor, Memoir, Essays, Short Stories",617998,3.99
gr_23772.Green_Eggs_and_Ham,Green Eggs and Ham,Dr. Seuss,"Childrens, Picture Books, Classics, Fiction, Poetry",616631,4.3
gr_149267.The_Stand,The Stand,"Stephen King, Bernie Wrightson","Horror, Fiction, Fantasy, Science Fiction, Post Apocalyptic",616021,4.34
gr_12262741-wild,Wild: From Lost to Found on the Pacific Crest Trail,Cheryl Strayed,"Nonfiction, Memoir, Travel, Biography, Adventure",615431,4.01
gr_39832183-the-guernsey-literary-and-potato-peel-pie-society,The Guernsey Literary and Potato Peel Pie Society,"Mary Ann Shaffer, Annie Barrows","Historical Fiction, Fiction, Historical, Romance, World War II",610392,4.17
gr_41817486-a-clockwork-orange,A Clockwork Orange,Anthony Burgess,"Classics, Fiction, Science Fiction, Dystopia, Literature",601048,3.99
gr_5326.A_Christmas_Carol,A Christmas Carol,"Charles Dickens, Joe L. Wheeler","Classics, Fiction, Christmas, Fantasy, Literature",599679,4.06
gr_7763.The_Joy_Luck_Club,The Joy Luck Club,Amy Tan,"Fiction, Historical Fiction, Classics, China, Contemporary",597870,3.93
gr_7896527-throne-of-glass,Throne of Glass,Sarah J. Maas,"Fantasy, Young Adult, Romance, Fiction, Magic",596208,4.2
gr_976.Deception_Point,Deception Point,Dan Brown,"Fiction, Thriller, Mystery, Suspense, Mystery Thriller",591490,3.72
gr_6514.The_Bell_Jar,The Bell Jar,Sylvia Plath,"Classics, Fiction, Feminism, Mental Health, Psychology",591175,4.01
gr_6493208-the-immortal-life-of-henrietta-lacks,The Immortal Life of Henrietta Lacks,Rebecca Skloot,"Nonfiction, Science, History, Biography, Medicine",587187,4.07
gr_52036.Siddhartha,Siddhartha,"Hermann Hesse, Hilda Rosner","Classics, Fiction, Philosophy, Religion, Spirituality",582674,4.03
gr_2187.Middlesex,Middlesex,Jeffrey Eugenides,"Fiction, Historical Fiction, Contemporary, LGBT, Literary Fiction",581175,4.01
gr_5886881-dark-places,Dark Places,Gillian Flynn,"Mystery, Fiction, Thriller, Crime, Mystery Thriller",578176,3.93
gr_16068905-fangirl,Fangirl,Rainbow Rowell,"Young Adult, Contemporary, Romance, Fiction, Realistic Fiction",574854,4.05
gr_37442.Wicked,Wicked: The Life and Times of the Wicked Witch of the West,"Gregory Maguire, Douglas Smith","Fantasy, Fiction, Adult, Science Fiction Fantasy, Retellings",573497,3.54
gr_6339664-hush-hush,"Hush, Hush",Becca Fitzpatrick,"Young Adult, Fantasy, Romance, Paranormal, Angels",573419,3.97
gr_18774964-a-man-called-ove,A Man Called Ove,"Fredrik Backman, Henning Koch","Fiction, Contemporary, Audiobook, Humor, Book Club",568758,4.36
gr_33.The_Lord_of_the_Rings,The Lord of the Rings,J.R.R. Tolkien,"Fantasy, Classics, Fiction, Adventure, Science Fiction Fantasy",564734,4.5
gr_5358.The_Firm,The Firm,"John Grisham, Robin Waterfield","Fiction, Thriller, Mystery, Suspense, Crime",564260,4.02
gr_38746485-becoming,Becoming,Michelle Obama,"Nonfiction, Memoir, Biography, Audiobook, Autobiography",564220,4.53
gr_11125.Digital_Fortress,Digital Fortress,Dan Brown,"Fiction, Thriller, Mystery, Suspense, Crime",561187,3.66
gr_24770.Uglies,Uglies,Scott Westerfeld,"Young Adult, Dystopia, Science Fiction, Fiction, Fantasy",560175,3.86
gr_10441.The_Memory_Keeper_s_Daughter,The Memory Keeper's Daughter,Kim Edwards,"Fiction, Contemporary, Adult Fiction, Adult, Historical Fiction",560123,3.67
gr_3228917-outliers,Outliers: The Story of Success,Malcolm Gladwell,"Nonfiction, Psychology, Business, Self Help, Sociology",556065,4.16
gr_10664113-a-dance-with-dragons,A Dance with Dragons,George R.R. Martin,"Fantasy, Fiction, Epic Fantasy, Science Fiction Fantasy, High Fantasy",555900,4.32
gr_345627.Vampire_Academy,Vampire Academy,Richelle Mead,"Young Adult, Fantasy, Vampires, Paranormal, Romance",548959,4.12
gr_11505797-beautiful-disaster,Beautiful Disaster,Jamie McGuire,"Romance, New Adult, Contemporary, Young Adult, Contemporary Romance",546801,4.09
gr_12067.Good_Omens,"Good Omens: The Nice and Accurate Prophecies of Agnes Nutter, Witch","Terry Pratchett, Neil Gaiman","Fantasy, Fiction, Humor, Urban Fantasy, Comedy",543224,4.24
gr_5526.Dear_John,Dear John,Nicholas Sparks,"Romance, Fiction, Chick Lit, Contemporary, Adult",539724,4.03
gr_252577.Angela_s_Ashes,Angela's Ashes,Frank McCourt,"Nonfiction, Memoir, Biography, Classics, Ireland",539576,4.11
gr_6304335-beautiful-creatures,Beautiful Creatures,"Kami Garcia, Margaret Stohl","Young Adult, Fantasy, Paranormal, Romance, Fiction",539336,3.76
gr_40874325-the-shack,The Shack,William Paul Young,"Fiction, Christian, Christian Fiction, Religion, Spirituality",538472,3.78
gr_17802724-the-husband-s-secret,The Husband's Secret,Liane Moriarty,"Fiction, Mystery, Chick Lit, Contemporary, Audiobook",532210,3.94
gr_168642.In_Cold_Blood,In Cold Blood,Truman Capote,"Nonfiction, Classics, True Crime, Crime, Mystery",529229,4.07
gr_2156.Persuasion,Persuasion,"Jane Austen, Deidre Shauna Lynch, James Kinsley","Classics, Fiction, Romance, Historical Fiction, Literature",524408,4.14
gr_36072.The_7_Habits_of_Highly_Effective_People,The 7 Habits of Highly Effective People: Powerful Lessons in Personal Change,"Stephen R. Covey, Jim Collins (Foreward, Contributor)","Self Help, Nonfiction, Business, Personal Development, Psychology",524128,4.12
gr_137791.Divine_Secrets_of_the_Ya_Ya_Sisterhood,Divine Secrets of the Ya-Ya Sisterhood,Rebecca Wells,"Fiction, Chick Lit, Contemporary, Adult Fiction, Southern",522717,3.83
gr_397483.The_Devil_in_the_White_City,"The Devil in the White City: Murder, Magic, and Madness at the Fair That Changed America",Erik Larson,"Nonfiction, History, True Crime, Crime, Historical",521583,3.99
gr_52892857-the-color-purple,The Color Purple,Alice Walker,"Classics, Fiction, Historical Fiction, Feminism, Historical",521200,4.22
gr_6411961-the-lost-symbol,The Lost Symbol,Dan Brown,"Fiction, Mystery, Thriller, Mystery Thriller, Suspense",521050,3.71
gr_10592.Carrie,Carrie,Stephen King,"Horror, Fiction, Thriller, Paranormal, Fantasy",520467,3.96
gr_4989.The_Red_Tent,The Red Tent,Anita Diamant,"Historical Fiction, Fiction, Historical, Religion, Book Club",520252,4.18
gr_39999.The_Boy_in_the_Striped_Pajamas,The Boy in the Striped Pajamas,John Boyne,"Historical Fiction, Fiction, Young Adult, Historical, Holocaust",517922,4.15
gr_11127.The_Chronicles_of_Narnia,The Chronicles of Narnia,"C.S. Lewis, Pauline Baynes","Fantasy, Classics, Fiction, Young Adult, Childrens",517740,4.26
gr_43615.The_Gunslinger,The Gunslinger,Stephen King,"Fantasy, Fiction, Horror, Science Fiction, Westerns",514829,3.95
gr_42156.Something_Borrowed,Something Borrowed,Emily Giffin,"Chick Lit, Romance, Fiction, Contemporary, Adult",507432,3.85
gr_40097951-the-silent-patient,The Silent Patient,Alex Michaelides,"Mystery, Thriller, Fiction, Mystery Thriller, Audiobook",507237,4.09
gr_6400090-the-last-song,The Last Song,Nicholas Sparks,"Romance, Fiction, Young Adult, Contemporary, Chick Lit",504747,4.15
gr_32075671-the-hate-u-give,The Hate U Give,Angie Thomas,"Young Adult, Fiction, Contemporary, Audiobook, Realistic Fiction",503674,4.52
